"","avg_bias","coverage","rmse","mcse"
"Intercept",16.8500473333333,0,16.8549430965073,0.0091363532934267
"Distance_scaled",-1.734901,0.035,2.05624468889689,0.0204906414179447
